url_path,views_total,views_unique
/supertokens/supertokens-core,573,332
/supertokens/supertokens-core/issues,96,40
/supertokens/supertokens-core/tree/master/src,48,42
/supertokens/supertokens-core/tree/master/src/main/java/io/supertokens,43,33
/supertokens/supertokens-core/stargazers,36,29
/supertokens/supertokens-core/wiki/Building-from-source,35,18
/supertokens/supertokens-core/wiki,32,15
/supertokens/supertokens-core/pulls,25,16
/supertokens/supertokens-core/blob/master/CONTRIBUTING.md,21,11
/supertokens/supertokens-core/issues/242,18,16
